{
  "mae": 1.1920000314712524,
  "rmse": 1.4880000352859497,
  "r2": 0.855,
  "model_type": "xgboost"
}